{
    "1": 0.0046588179287465874,
    "2": 0.007158970437956501,
    "3": 0.009633303120780692,
    "4": 0.012184343792064166,
    "5": 0.014467011678111794,
    "6": 0.01684345737005612,
    "7": 0.019400003194947002,
    "8": 0.021930518212399556,
    "9": 0.02421632473957936,
    "10": 0.02662255717588073,
    "11": 0.029069818204350454,
    "12": 0.03132393360341908,
    "13": 0.03370301046968543,
    "14": 0.0360078694966593,
    "15": 0.038021943686421214,
    "16": 0.04010754563763936,
    "17": 0.04217309602209755,
    "18": 0.044334114163447694,
    "19": 0.04623030905668864,
    "20": 0.04824334421708783,
    "21": 0.050245952668591026,
    "22": 0.05228207664366841,
    "23": 0.054355157754113294,
    "24": 0.056479803715424784,
    "25": 0.05850056835870697,
    "26": 0.060313101371240796,
    "27": 0.06213269035610532,
    "28": 0.06399552327258086,
    "29": 0.0657852207979516,
    "30": 0.06755609874088829,
    "31": 0.06934716050649134,
    "32": 0.07111654487136967,
    "33": 0.0729078513938529,
    "34": 0.07471331841718235,
    "35": 0.07676777759053423,
    "36": 0.07852014319043828,
    "37": 0.0802845422894976,
    "38": 0.08209760385422638,
    "39": 0.08392289138751681,
    "40": 0.08574222980061488,
    "41": 0.08750568486453844,
    "42": 0.08939521714954786,
    "43": 0.09112420734284239,
    "44": 0.09266202068673685,
    "45": 0.09396990328565558,
    "46": 0.09570295936251409,
    "47": 0.09730757023795725,
    "48": 0.09885985195017491,
    "49": 0.10069470140431319,
    "50": 0.10220223429007305,
    "51": 0.10390600571988197,
    "52": 0.10524434614721116,
    "53": 0.10699013106577346,
    "54": 0.1088001243173482,
    "55": 0.10986674342504915,
    "56": 0.11146570887952961,
    "57": 0.11294200284257633,
    "58": 0.1144980516637513,
    "59": 0.11601865487196962,
    "60": 0.1174851557768422,
    "61": 0.11863622559590097,
    "62": 0.12015833740440876,
    "63": 0.12166845432554042,
    "64": 0.12355220029911483,
    "65": 0.12531691921769894,
    "66": 0.12668018850957052,
    "67": 0.12829361297211295,
    "68": 0.12993966597874623,
    "69": 0.13168208994436673,
    "70": 0.13298740824416896,
    "71": 0.13481242420961662,
    "72": 0.13677508946985653,
    "73": 0.13808201127120215,
    "74": 0.13975996567499333,
    "75": 0.14110545704529653,
    "76": 0.14290597147038353,
    "77": 0.14513779815657765,
    "78": 0.14650621517290555,
    "79": 0.14827630989027912,
    "80": 0.15006994105985266,
    "81": 0.152557741322289,
    "82": 0.1553425630841195,
    "83": 0.1573524516251948,
    "84": 0.15908883456097422,
    "85": 0.16049626094425856,
    "86": 0.16130933864695918,
    "87": 0.1632224462021586,
    "88": 0.1659502711129869,
    "89": 0.16817909384724505,
    "90": 0.16986317336898335,
    "91": 0.17364168829629262,
    "92": 0.17538187947021483,
    "93": 0.17633616387285853,
    "94": 0.17959964128001266,
    "95": 0.1807404323264222,
    "96": 0.18381116165626932,
    "97": 0.18418628606885276,
    "98": 0.1913882360273766,
    "99": 0.20041652645882493
}