{
    "1": 0.005703043129335575,
    "2": 0.009306498730987708,
    "3": 0.01234513051835332,
    "4": 0.014990071942182265,
    "5": 0.017920340618947508,
    "6": 0.02044585850654876,
    "7": 0.022697356585691542,
    "8": 0.02475229774017324,
    "9": 0.02709303385277001,
    "10": 0.029418699993424117,
    "11": 0.03145300544691932,
    "12": 0.0333497145856694,
    "13": 0.0355191700376223,
    "14": 0.03772071846790901,
    "15": 0.03961340032616487,
    "16": 0.04165298157967476,
    "17": 0.04313807068860111,
    "18": 0.04487120079653977,
    "19": 0.04661506926238547,
    "20": 0.04831081617588407,
    "21": 0.05031683426457729,
    "22": 0.0519254823121991,
    "23": 0.05342248171016489,
    "24": 0.05507178495487896,
    "25": 0.056861137802161,
    "26": 0.058715134753024215,
    "27": 0.06071478115383629,
    "28": 0.06205561573090883,
    "29": 0.06367965224452024,
    "30": 0.06523853859148164,
    "31": 0.06692181108187824,
    "32": 0.06856790287901844,
    "33": 0.0703825600413086,
    "34": 0.0722993625048152,
    "35": 0.07395861721823516,
    "36": 0.07555731382798143,
    "37": 0.07754415781748605,
    "38": 0.07938441842211266,
    "39": 0.08095665621985418,
    "40": 0.08279504908174803,
    "41": 0.0843873789109335,
    "42": 0.086025472998899,
    "43": 0.08764781038985019,
    "44": 0.08945275759849919,
    "45": 0.09072773665143595,
    "46": 0.09263339598196836,
    "47": 0.09420236944680366,
    "48": 0.09586739420404894,
    "49": 0.09716345630394946,
    "50": 0.09896347406286227,
    "51": 0.10040096812161055,
    "52": 0.10203143660145278,
    "53": 0.10403349911286396,
    "54": 0.10555130418801227,
    "55": 0.10778372968888981,
    "56": 0.1093208824892174,
    "57": 0.11012576669862012,
    "58": 0.11192062192801672,
    "59": 0.11357779914838248,
    "60": 0.11502017104690962,
    "61": 0.1166469839906962,
    "62": 0.11822226373300763,
    "63": 0.12065877023469114,
    "64": 0.12248579249526576,
    "65": 0.12340602093865026,
    "66": 0.12462380382160392,
    "67": 0.1264175822364625,
    "68": 0.1273723622660443,
    "69": 0.12875958974883978,
    "70": 0.13118841271801254,
    "71": 0.132389044766586,
    "72": 0.13450207683188214,
    "73": 0.13709364787010503,
    "74": 0.1385626183167531,
    "75": 0.14098102370945434,
    "76": 0.1426997206143087,
    "77": 0.1440690696923708,
    "78": 0.1460853526378013,
    "79": 0.14850296067657023,
    "80": 0.1499641590337572,
    "81": 0.15273202811833783,
    "82": 0.15549717927036388,
    "83": 0.1575773898137966,
    "84": 0.15975617052145408,
    "85": 0.16274992887931455,
    "86": 0.1644943362642209,
    "87": 0.16826956088731104,
    "88": 0.17138029800181423,
    "89": 0.1741776493198358,
    "90": 0.17605496796379252,
    "91": 0.17825154180869046,
    "92": 0.18118434212235954,
    "93": 0.1872068006697716,
    "94": 0.19384175816417554,
    "95": 0.19534872468640338,
    "96": 0.2001253635948619,
    "97": 0.21024751240809278,
    "98": 0.22176285711189248,
    "99": 0.2349897906364306
}